{"cameraMode":{"drawMode":0,"name":"Shaded","section":"Shading Mode"},"sceneLighting":true,"audioPlay":false,"sceneViewState":{"m_AlwaysRefresh":false,"showFog":false,"showSkybox":false,"showFlares":true,"showImageEffects":true,"showParticleSystems":true,"showVisualEffectGraphs":true,"m_FxEnabled":true},"in2DMode":false,"pivot":{"x":13.362926483154297,"y":7.665428638458252,"z":-53.380714416503909},"rotation":{"x":0.11464063078165055,"y":-0.7137230634689331,"z":0.12011978775262833,"w":0.6805321574211121},"size":10.243359565734864,"orthographic":false}