{"cameraMode":{"drawMode":0,"name":"Shaded","section":"Shading Mode"},"sceneLighting":true,"audioPlay":false,"sceneViewState":{"m_AlwaysRefresh":false,"showFog":false,"showSkybox":false,"showFlares":true,"showImageEffects":true,"showParticleSystems":true,"showVisualEffectGraphs":true,"m_FxEnabled":true},"in2DMode":false,"pivot":{"x":1.7553088665008546,"y":0.6853913068771362,"z":-3.2680788040161135},"rotation":{"x":-0.0534789152443409,"y":-0.005694947205483913,"z":0.0002716994204092771,"w":-0.9986509084701538},"size":0.4900994896888733,"orthographic":false}