{"cameraMode":{"drawMode":0,"name":"Shaded","section":"Shading Mode"},"sceneLighting":true,"audioPlay":false,"sceneViewState":{"m_AlwaysRefresh":false,"showFog":false,"showSkybox":false,"showFlares":true,"showImageEffects":true,"showParticleSystems":true,"showVisualEffectGraphs":true,"m_FxEnabled":true},"in2DMode":false,"pivot":{"x":-1.9874759912490845,"y":-0.1029503345489502,"z":9.243858337402344},"rotation":{"x":0.008811397477984429,"y":-0.0061884187161922459,"z":-0.000028148529963800684,"w":1.0000065565109254},"size":11.365094184875489,"orthographic":false}